date,channel,conversions,revenue,emails_sent,impressions,spend,clicks,week
2024-08-01,Email,9,978.96,1999.0,,0.0,110.0,2024-31
2024-08-01,PPC,11,1045.63,,,250.82,0.0,2024-31
2024-08-01,Social Media,4,268.02,,16755.0,172.82,228.0,2024-31
2024-08-02,Email,8,879.14,1845.0,,0.0,90.99958338541356,2024-31
2024-08-02,PPC,24,2124.4,,,366.19,0.0,2024-31
2024-08-02,Social Media,2,328.15999999999997,,11082.0,112.54,133.0,2024-31
2024-08-03,Email,8,927.63,2138.0,,0.0,115.99666833293657,2024-31
2024-08-03,PPC,8,583.75,,,226.53,0.0,2024-31
2024-08-03,Social Media,5,445.59000000000003,,15450.0,142.8,175.0,2024-31
2024-08-04,Email,12,1618.4,2374.0,,0.0,123.98876264947198,2024-31
2024-08-04,PPC,23,2400.89,,,366.72,0.0,2024-31
2024-08-04,Social Media,6,474.15,,18373.0,171.98,268.0,2024-31
2024-08-05,Email,10,1276.53,1784.0,,0.0,108.97338661590122,2024-32
2024-08-05,PPC,13,1079.28,,,280.78,0.0,2024-32
2024-08-05,Social Media,5,514.17,,10092.0,119.25,198.0,2024-32
2024-08-06,Email,9,971.13,1653.0,,0.0,98.94807918509046,2024-32
2024-08-06,PPC,12,1114.86,,,339.69,0.0,2024-32
2024-08-06,Social Media,4,274.47,,14023.0,122.17,182.0,2024-32
2024-08-07,Email,10,944.25,2470.0,,0.0,109.9104041332268,2024-32
2024-08-07,PPC,21,2143.45,,,339.71,0.0,2024-32
2024-08-07,Social Media,3,237.53,,13787.0,148.98,154.0,2024-32
2024-08-08,Email,9,1103.27,2094.0,,0.0,113.85795614910904,2024-32
2024-08-08,PPC,16,1511.4199999999998,,,349.54,0.0,2024-32
2024-08-08,Social Media,8,576.53,,17300.0,159.66,270.0,2024-32
2024-08-09,Email,9,1305.68,2834.0,,0.0,131.788366846173,2024-32
2024-08-09,PPC,13,1439.89,,,310.58,0.0,2024-32
2024-08-09,Social Media,4,338.3,,13888.0,120.61,170.0,2024-32
2024-08-10,Email,7,874.84,1957.0,,0.0,105.6993106822246,2024-32
2024-08-10,PPC,9,782.95,,,241.14,0.0,2024-32
2024-08-10,Social Media,8,405.46000000000004,,18416.0,165.87,349.0,2024-32
2024-08-11,Email,11,1525.46,2495.0,,0.0,140.58851077208405,2024-32
2024-08-11,PPC,10,1205.96,,,302.38,0.0,2024-32
2024-08-11,Social Media,5,479.08,,11315.0,140.24,224.0,2024-32
2024-08-12,Email,10,1348.07,2470.0,,0.0,120.45374457861318,2024-33
2024-08-12,PPC,16,1474.3600000000001,,,370.19,0.0,2024-33
2024-08-12,Social Media,4,309.15,,13790.0,131.87,140.0,2024-33
2024-08-13,Email,13,1501.08,2370.0,,0.0,152.2928494679007,2024-33
2024-08-13,PPC,15,1556.98,,,377.66,0.0,2024-33
2024-08-13,Social Media,3,238.39000000000001,,15443.0,168.24,176.0,2024-33
2024-08-14,Email,10,1679.65,2639.0,,0.0,140.10372811472078,2024-33
2024-08-14,PPC,18,1502.92,,,310.45,0.0,2024-33
2024-08-14,Social Media,4,391.34,,13862.0,116.88,181.0,2024-33
2024-08-15,Email,11,1837.66,3031.0,,0.0,157.8843537447538,2024-33
2024-08-15,PPC,15,1222.03,,,353.57,0.0,2024-33
2024-08-15,Social Media,7,544.95,,18491.0,158.54,257.0,2024-33
2024-08-16,Email,11,1783.2,3120.0,,0.0,145.63277520046668,2024-33
2024-08-16,PPC,11,791.43,,,277.89,0.0,2024-33
2024-08-16,Social Media,5,425.95000000000005,,11760.0,115.62,190.0,2024-33
2024-08-17,Email,12,1482.4,2533.0,,0.0,135.34712181799046,2024-33
2024-08-17,PPC,15,1458.03,,,334.79,0.0,2024-33
2024-08-17,Social Media,6,556.8199999999999,,19294.0,177.42,229.0,2024-33
2024-08-18,Email,13,1606.94,3704.0,,0.0,152.02560810280585,2024-33
2024-08-18,PPC,23,2180.36,,,319.01,0.0,2024-33
2024-08-18,Social Media,4,241.03000000000003,,15660.0,144.88,163.0,2024-33
2024-08-19,Email,10,1447.28,2199.0,,0.0,108.66653819254968,2024-34
2024-08-19,PPC,22,2601.48,,,394.7,0.0,2024-34
2024-08-19,Social Media,7,512.4,,14833.0,165.51,302.0,2024-34
2024-08-20,Email,11,1775.75,2525.0,,0.0,120.26831009578748,2024-34
2024-08-20,PPC,16,2023.35,,,311.18,0.0,2024-34
2024-08-20,Social Media,5,260.32,,13378.0,135.85,208.0,2024-34
2024-08-21,Email,9,1450.07,1907.0,,0.0,121.82941969615791,2024-34
2024-08-21,PPC,14,1113.8,,,272.82,0.0,2024-34
2024-08-21,Social Media,5,379.97,,18825.0,166.44,238.0,2024-34
2024-08-22,Email,12,1877.05,3159.0,,0.0,139.34846451188034,2024-34
2024-08-22,PPC,15,1492.25,,,264.52,0.0,2024-34
2024-08-22,Social Media,5,440.28999999999996,,14629.0,151.99,219.0,2024-34
2024-08-23,Email,12,1669.01,2786.0,,0.0,151.8241472012287,2024-34
2024-08-23,PPC,20,2458.06,,,362.35,0.0,2024-34
2024-08-23,Social Media,4,204.71,,14929.0,156.08,186.0,2024-34
2024-08-24,Email,9,1342.8,1960.0,,0.0,110.25527880521042,2024-34
2024-08-24,PPC,11,957.98,,,259.28,0.0,2024-34
2024-08-24,Social Media,4,480.83,,14221.0,123.1,162.0,2024-34
2024-08-25,Email,9,1211.5,2984.0,,0.0,122.64078171934452,2024-34
2024-08-25,PPC,17,1631.96,,,344.95,0.0,2024-34
2024-08-25,Social Media,4,356.96,,14428.0,168.82,169.0,2024-34
2024-08-26,Email,15,2195.13,2822.0,,0.0,155.97969238711173,2024-35
2024-08-26,PPC,11,1240.95,,,315.37,0.0,2024-35
2024-08-26,Social Media,8,374.33,,16483.0,195.77,302.0,2024-35
2024-08-27,Email,11,1336.76,2453.0,,0.0,150.27116370834386,2024-35
2024-08-27,PPC,19,1605.49,,,289.19,0.0,2024-35
2024-08-27,Social Media,4,435.21000000000004,,18654.0,170.12,201.0,2024-35
2024-08-28,Email,10,1379.83,1894.0,,0.0,106.5144671565332,2024-35
2024-08-28,PPC,15,1705.38,,,326.67,0.0,2024-35
2024-08-28,Social Media,3,89.59,,14740.0,130.23,151.0,2024-35
2024-08-29,Email,13,1449.52,3050.0,,0.0,143.7089945997692,2024-35
2024-08-29,PPC,19,2126.81,,,329.7,0.0,2024-35
2024-08-29,Social Media,11,854.17,,21062.0,196.42,411.0,2024-35
2024-08-30,Email,14,1566.2,4137.0,,0.0,168.85425982075176,2024-35
2024-08-30,PPC,18,1931.2,,,343.02,0.0,2024-35
2024-08-30,Social Media,5,339.76,,15138.0,153.23,252.0,2024-35
2024-08-31,Email,12,1376.81,2382.0,,0.0,149.9498997320811,2024-35
2024-08-31,PPC,14,1555.91,,,285.59,0.0,2024-35
2024-08-31,Social Media,5,364.29,,15166.0,130.7,228.0,2024-35
2024-09-01,Email,10,1235.26,3177.0,,0.0,127.99567528378714,2024-35
2024-09-01,PPC,21,1882.2,,,405.59,0.0,2024-35
2024-09-01,Social Media,8,590.52,,22529.0,197.23,410.0,2024-35
2024-09-02,Email,14,1714.88,3761.0,,0.0,150.9914720608301,2024-36
2024-09-02,PPC,18,2308.48,,,400.42,0.0,2024-36
2024-09-02,Social Media,5,443.0,,15899.0,195.99,210.0,2024-36
2024-09-03,Email,12,1456.62,2361.0,,0.0,144.9373005690784,2024-36
2024-09-03,PPC,21,1790.31,,,398.83,0.0,2024-36
2024-09-03,Social Media,7,516.88,,22354.0,192.01,300.0,2024-36
2024-09-04,Email,10,1698.77,1769.0,,0.0,111.83329620904937,2024-36
2024-09-04,PPC,17,1412.48,,,351.46,0.0,2024-36
2024-09-04,Social Media,4,218.67000000000002,,11788.0,136.91,156.0,2024-36
2024-09-05,Email,9,1155.67,1895.0,,0.0,101.67971893747874,2024-36
2024-09-05,PPC,17,1778.45,,,279.12,0.0,2024-36
2024-09-05,Social Media,6,358.17,,22094.0,190.32,310.0,2024-36
2024-09-06,Email,15,2085.5,2819.0,,0.0,155.4769526175639,2024-36
2024-09-06,PPC,20,1790.0,,,398.83,0.0,2024-36
2024-09-06,Social Media,7,338.13,,18873.0,185.25,255.0,2024-36
2024-09-07,Email,13,1468.79,2361.0,,0.0,138.225504059506,2024-36
2024-09-07,PPC,20,2141.99,,,300.86,0.0,2024-36
2024-09-07,Social Media,7,485.39,,17697.0,148.91,279.0,2024-36
2024-09-08,Email,8,1050.6299999999999,2090.0,,0.0,126.9260017537483,2024-36
2024-09-08,PPC,22,2248.03,,,376.31,0.0,2024-36
2024-09-08,Social Media,5,351.71000000000004,,20882.0,196.03,264.0,2024-36
2024-09-09,Email,8,1147.93,2902.0,,0.0,123.5791943000774,2024-37
2024-09-09,PPC,17,1764.4299999999998,,,298.5,0.0,2024-37
2024-09-09,Social Media,5,348.11,,15760.0,149.99,241.0,2024-37
2024-09-10,Email,9,1445.31,2693.0,,0.0,119.18594853651364,2024-37
2024-09-10,PPC,10,1127.71,,,273.17,0.0,2024-37
2024-09-10,Social Media,6,511.9,,13060.0,131.95,224.0,2024-37
2024-09-11,Email,13,1495.49,2986.0,,0.0,137.74724737266752,2024-37
2024-09-11,PPC,13,1294.72,,,272.15,0.0,2024-37
2024-09-11,Social Media,5,293.93,,15419.0,138.49,211.0,2024-37
2024-09-12,Email,11,1241.58,3303.0,,0.0,164.26418733297749,2024-37
2024-09-12,PPC,13,1409.22,,,346.47,0.0,2024-37
2024-09-12,Social Media,5,341.23,,13202.0,144.93,200.0,2024-37
2024-09-13,Email,9,1300.47,2142.0,,0.0,103.73797581596996,2024-37
2024-09-13,PPC,22,1719.45,,,379.29,0.0,2024-37
2024-09-13,Social Media,3,413.48,,14259.0,147.01,126.0,2024-37
2024-09-14,Email,10,1353.68,2582.0,,0.0,145.1699280763918,2024-37
2024-09-14,PPC,16,1522.85,,,319.26,0.0,2024-37
2024-09-14,Social Media,5,387.99,,14838.0,178.17,250.0,2024-37
2024-09-15,Email,10,1176.0900000000001,3105.0,,0.0,126.56146393775842,2024-37
2024-09-15,PPC,19,1985.94,,,315.58,0.0,2024-37
2024-09-15,Social Media,8,703.43,,16165.0,192.55,341.0,2024-37
2024-09-16,Email,14,1684.24,2523.0,,0.0,153.9141042435344,2024-38
2024-09-16,PPC,14,1448.3799999999999,,,282.87,0.0,2024-38
2024-09-16,Social Media,6,681.7099999999999,,12251.0,130.93,302.0,2024-38
2024-09-17,Email,8,1076.8,1713.0,,0.0,104.22946705581688,2024-38
2024-09-17,PPC,13,1404.16,,,297.77,0.0,2024-38
2024-09-17,Social Media,8,709.13,,16282.0,193.85,368.0,2024-38
2024-09-18,Email,10,1145.53,2365.0,,0.0,143.50926361102302,2024-38
2024-09-18,PPC,13,1324.01,,,354.54,0.0,2024-38
2024-09-18,Social Media,4,217.26,,11152.0,134.95,222.0,2024-38
2024-09-19,Email,8,960.19,2035.0,,0.0,114.75529404269008,2024-38
2024-09-19,PPC,21,2101.64,,,369.13,0.0,2024-38
2024-09-19,Social Media,7,781.96,,19220.0,165.8,303.0,2024-38
2024-09-20,Email,10,1293.93,2538.0,,0.0,142.96944288207914,2024-38
2024-09-20,PPC,15,1626.73,,,367.62,0.0,2024-38
2024-09-20,Social Media,5,365.03,,14425.0,156.11,217.0,2024-38
2024-09-21,Email,8,1083.89,2502.0,,0.0,108.15367434782834,2024-38
2024-09-21,PPC,21,2225.3,,,392.37,0.0,2024-38
2024-09-21,Social Media,7,503.38,,19094.0,189.16,281.0,2024-38
2024-09-22,Email,7,695.31,1606.0,,0.0,95.31002743642928,2024-38
2024-09-22,PPC,22,1883.49,,,354.99,0.0,2024-38
2024-09-22,Social Media,9,1033.79,,22403.0,199.01,405.0,2024-38
2024-09-23,Email,10,1419.11,3067.0,,0.0,140.44061082579765,2024-39
2024-09-23,PPC,16,1314.1,,,342.95,0.0,2024-39
2024-09-23,Social Media,7,493.56,,14831.0,140.02,283.0,2024-39
2024-09-24,Email,13,1439.01,2413.0,,0.0,131.54759760467658,2024-39
2024-09-24,PPC,19,1969.02,,,375.38,0.0,2024-39
2024-09-24,Social Media,5,384.9,,16669.0,173.86,248.0,2024-39
2024-09-25,Email,11,1645.71,3374.0,,0.0,154.63321984104664,2024-39
2024-09-25,PPC,15,1430.1399999999999,,,277.57,0.0,2024-39
2024-09-25,Social Media,6,406.76,,21176.0,192.32,257.0,2024-39
2024-09-26,Email,9,1146.82,2399.0,,0.0,105.69976300311812,2024-39
2024-09-26,PPC,22,2273.39,,,340.19,0.0,2024-39
2024-09-26,Social Media,10,586.31,,16894.0,177.74,354.0,2024-39
2024-09-27,Email,10,1115.68,2365.0,,0.0,115.74956024685088,2024-39
2024-09-27,PPC,15,1489.76,,,323.22,0.0,2024-39
2024-09-27,Social Media,8,375.72,,18543.0,164.3,300.0,2024-39
2024-09-28,Email,8,1129.78,1887.0,,0.0,116.78498658427964,2024-39
2024-09-28,PPC,15,1578.99,,,306.3,0.0,2024-39
2024-09-28,Social Media,5,301.4,,18281.0,204.36,253.0,2024-39
2024-09-29,Email,8,887.37,2404.0,,0.0,110.80845294722054,2024-39
2024-09-29,PPC,16,1663.3700000000001,,,366.72,0.0,2024-39
2024-09-29,Social Media,9,722.93,,22183.0,194.81,326.0,2024-39
2024-09-30,Email,10,1501.55,2123.0,,0.0,117.82240016119736,2024-40
2024-09-30,PPC,19,2226.3,,,386.58,0.0,2024-40
2024-09-30,Social Media,5,540.08,,13645.0,136.66,211.0,2024-40
2024-10-01,Email,13,1737.32,2595.0,,0.0,138.82929284464873,2024-40
2024-10-01,PPC,13,1487.93,,,305.3,0.0,2024-40
2024-10-01,Social Media,11,978.87,,20932.0,193.41,410.0,2024-40
2024-10-02,Email,13,1499.77,3460.0,,0.0,140.8316132486658,2024-40
2024-10-02,PPC,16,1873.28,,,400.19,0.0,2024-40
2024-10-02,Social Media,6,296.37,,17576.0,169.19,292.0,2024-40
2024-10-03,Email,6,670.56,1404.0,,0.0,90.83185505265703,2024-40
2024-10-03,PPC,15,1303.14,,,298.31,0.0,2024-40
2024-10-03,Social Media,8,464.33000000000004,,17392.0,179.13,380.0,2024-40
2024-10-04,Email,6,1266.26,1580.0,,0.0,88.8325171314484,2024-40
2024-10-04,PPC,14,1475.22,,,313.07,0.0,2024-40
2024-10-04,Social Media,7,488.74,,18906.0,193.84,284.0,2024-40
2024-10-05,Email,9,1087.79,2434.0,,0.0,125.83609730939784,2024-40
2024-10-05,PPC,14,1538.6100000000001,,,365.65,0.0,2024-40
2024-10-05,Social Media,4,384.98,,12976.0,149.29,192.0,2024-40
2024-10-06,Email,13,1844.84,2912.0,,0.0,130.84508611713505,2024-40
2024-10-06,PPC,13,1227.19,,,294.57,0.0,2024-40
2024-10-06,Social Media,5,405.46,,11551.0,132.95,275.0,2024-40
2024-10-07,Email,8,1208.99,2060.0,,0.0,89.861960566532,2024-41
2024-10-07,PPC,20,2129.55,,,351.96,0.0,2024-41
2024-10-07,Social Media,5,330.82,,15010.0,134.59,211.0,2024-41
2024-10-08,Email,10,1380.58,2458.0,,0.0,107.88917795946338,2024-41
2024-10-08,PPC,17,1430.28,,,292.11,0.0,2024-41
2024-10-08,Social Media,3,216.08,,17820.0,159.17,162.0,2024-41
2024-10-09,Email,9,1218.37,2463.0,,0.0,100.92916974583142,2024-41
2024-10-09,PPC,10,822.33,,,280.67,0.0,2024-41
2024-10-09,Social Media,5,388.5,,16042.0,199.66,233.0,2024-41
2024-10-10,Email,10,1356.2,2596.0,,0.0,109.9843354462076,2024-41
2024-10-10,PPC,15,1505.97,,,382.93,0.0,2024-41
2024-10-10,Social Media,7,666.38,,15693.0,163.16,345.0,2024-41
2024-10-11,Email,9,1165.85,1829.0,,0.0,106.0570366542808,2024-41
2024-10-11,PPC,18,2105.78,,,289.74,0.0,2024-41
2024-10-11,Social Media,6,655.81,,20511.0,195.61,230.0,2024-41
2024-10-12,Email,6,777.72,2216.0,,0.0,90.14959113410296,2024-41
2024-10-12,PPC,13,1337.0900000000001,,,336.39,0.0,2024-41
2024-10-12,Social Media,7,528.31,,15084.0,170.79,261.0,2024-41
2024-10-13,Email,8,1216.8600000000001,1892.0,,0.0,115.26426702688602,2024-41
2024-10-13,PPC,13,1180.0,,,325.75,0.0,2024-41
2024-10-13,Social Media,5,685.4499999999999,,16933.0,148.94,198.0,2024-41
2024-10-14,Email,7,976.39,2162.0,,0.0,92.40327718183012,2024-42
2024-10-14,PPC,11,943.44,,,306.24,0.0,2024-42
2024-10-14,Social Media,7,609.7,,15449.0,152.95,353.0,2024-42
2024-10-15,Email,7,814.16,1912.0,,0.0,90.56877362515311,2024-42
2024-10-15,PPC,14,1350.33,,,287.19,0.0,2024-42
2024-10-15,Social Media,4,409.18,,13241.0,134.14,188.0,2024-42
2024-10-16,Email,7,859.45,1839.0,,0.0,108.76284218114564,2024-42
2024-10-16,PPC,16,2268.48,,,381.32,0.0,2024-42
2024-10-16,Social Media,4,450.23,,18928.0,190.56,242.0,2024-42
2024-10-17,Email,10,1116.85,1568.0,,0.0,100.98749725869664,2024-42
2024-10-17,PPC,14,1208.82,,,294.21,0.0,2024-42
2024-10-17,Social Media,7,444.61999999999995,,20517.0,199.39,251.0,2024-42
2024-10-18,Email,6,903.8299999999999,1671.0,,0.0,71.24467681632052,2024-42
2024-10-18,PPC,14,1371.02,,,373.45,0.0,2024-42
2024-10-18,Social Media,5,331.8,,11026.0,133.46,207.0,2024-42
2024-10-19,Email,8,967.52,2074.0,,0.0,83.53623751826976,2024-42
2024-10-19,PPC,12,859.19,,,252.34,0.0,2024-42
2024-10-19,Social Media,5,394.95,,18047.0,182.69,273.0,2024-42
2024-10-20,Email,7,827.25,1848.0,,0.0,77.86395009384144,2024-42
2024-10-20,PPC,13,1286.1100000000001,,,243.88,0.0,2024-42
2024-10-20,Social Media,6,428.5,,17423.0,209.3,304.0,2024-42
2024-10-21,Email,9,1246.65,3004.0,,0.0,121.2294949114761,2024-43
2024-10-21,PPC,14,1701.68,,,316.89,0.0,2024-43
2024-10-21,Social Media,7,600.66,,16493.0,158.61,296.0,2024-43
2024-10-22,Email,10,1501.83,2826.0,,0.0,117.6344577787118,2024-43
2024-10-22,PPC,15,1609.57,,,287.01,0.0,2024-43
2024-10-22,Social Media,5,238.17000000000002,,10528.0,129.43,194.0,2024-43
2024-10-23,Email,5,716.69,1152.0,,0.0,63.08032597849107,2024-43
2024-10-23,PPC,15,1575.8600000000001,,,260.23,0.0,2024-43
2024-10-23,Social Media,4,436.4,,19085.0,184.11,218.0,2024-43
2024-10-24,Email,7,808.5699999999999,1982.0,,0.0,103.56848455172825,2024-43
2024-10-24,PPC,23,2283.37,,,352.99,0.0,2024-43
2024-10-24,Social Media,4,405.97,,11164.0,131.15,197.0,2024-43
2024-10-25,Email,9,1292.89,2513.0,,0.0,127.10021283542832,2024-43
2024-10-25,PPC,17,1783.75,,,368.96,0.0,2024-43
2024-10-25,Social Media,4,487.68,,14166.0,138.02,213.0,2024-43
2024-10-26,Email,7,938.3199999999999,1804.0,,0.0,104.6766812650109,2024-43
2024-10-26,PPC,10,842.08,,,293.72,0.0,2024-43
2024-10-26,Social Media,4,464.32,,13524.0,139.49,151.0,2024-43
2024-10-27,Email,8,965.6800000000001,2735.0,,0.0,114.29894844883104,2024-43
2024-10-27,PPC,17,1700.18,,,349.14,0.0,2024-43
2024-10-27,Social Media,4,466.49,,19881.0,191.73,189.0,2024-43
2024-10-28,Email,8,1452.0900000000001,1900.0,,0.0,108.96795852220968,2024-44
2024-10-28,PPC,16,2025.31,,,326.96,0.0,2024-44
2024-10-28,Social Media,3,117.13,,18504.0,173.63,163.0,2024-44
2024-10-29,Email,8,1186.7,1937.0,,0.0,103.68453878758724,2024-44
2024-10-29,PPC,11,1102.22,,,322.9,0.0,2024-44
2024-10-29,Social Media,7,315.85,,17869.0,160.19,326.0,2024-44
2024-10-30,Email,6,932.79,1452.0,,0.0,70.44939764669806,2024-44
2024-10-30,PPC,14,1358.49,,,375.68,0.0,2024-44
2024-10-30,Social Media,4,402.22,,16285.0,145.28,192.0,2024-44
2024-10-31,Email,8,1213.8600000000001,2090.0,,0.0,85.26312282993527,2024-44
2024-10-31,PPC,10,797.6899999999999,,,248.46,0.0,2024-44
2024-10-31,Social Media,4,457.68,,11326.0,141.36,171.0,2024-44
2024-11-01,Email,6,850.94,1433.0,,0.0,69.12617992733071,2024-44
2024-11-01,PPC,11,963.75,,,238.46,0.0,2024-44
2024-11-01,Social Media,5,632.69,,14799.0,138.78,213.0,2024-44
2024-11-02,Email,4,751.48,1137.0,,0.0,63.038911224822414,2024-44
2024-11-02,PPC,14,1483.62,,,277.94,0.0,2024-44
2024-11-02,Social Media,5,305.39,,11918.0,148.06,177.0,2024-44
2024-11-03,Email,9,1304.65,1922.0,,0.0,100.00153484871798,2024-44
2024-11-03,PPC,10,1037.24,,,267.04,0.0,2024-44
2024-11-03,Social Media,7,499.54,,20497.0,184.65,246.0,2024-44
2024-11-04,Email,11,1525.67,1903.0,,0.0,116.01414422049244,2024-45
2024-11-04,PPC,9,693.15,,,222.95,0.0,2024-45
2024-11-04,Social Media,6,268.52,,15362.0,141.92,258.0,2024-45
2024-11-05,Email,8,999.62,2464.0,,0.0,115.0767078232832,2024-45
2024-11-05,PPC,12,1449.91,,,230.3,0.0,2024-45
2024-11-05,Social Media,7,507.29,,16134.0,192.74,282.0,2024-45
2024-11-06,Email,9,1257.63,2011.0,,0.0,99.18906928066572,2024-45
2024-11-06,PPC,8,852.27,,,217.5,0.0,2024-45
2024-11-06,Social Media,4,323.08,,16871.0,153.19,173.0,2024-45
2024-11-07,Email,9,1077.96,2479.0,,0.0,108.35094774751336,2024-45
2024-11-07,PPC,13,1096.88,,,221.88,0.0,2024-45
2024-11-07,Social Media,7,495.46000000000004,,18660.0,188.42,277.0,2024-45
2024-11-08,Email,6,832.75,1621.0,,0.0,81.56193861196358,2024-45
2024-11-08,PPC,20,1901.32,,,343.01,0.0,2024-45
2024-11-08,Social Media,8,925.62,,19403.0,182.47,326.0,2024-45
2024-11-09,Email,10,1134.07,2179.0,,0.0,117.82151450673724,2024-45
2024-11-09,PPC,21,2027.2,,,356.41,0.0,2024-45
2024-11-09,Social Media,6,277.99,,16427.0,181.95,288.0,2024-45
2024-11-10,Email,6,802.5500000000001,1363.0,,0.0,88.12902662728186,2024-45
2024-11-10,PPC,13,1058.42,,,233.03,0.0,2024-45
2024-11-10,Social Media,4,441.66,,13483.0,124.43,170.0,2024-45
2024-11-11,Email,8,1225.12,1486.0,,0.0,91.48370635344534,2024-46
2024-11-11,PPC,13,1497.57,,,271.32,0.0,2024-46
2024-11-11,Social Media,5,158.1,,15761.0,131.49,215.0,2024-46
2024-11-12,Email,9,888.74,2653.0,,0.0,113.8846671706259,2024-46
2024-11-12,PPC,19,1992.52,,,265.98,0.0,2024-46
2024-11-12,Social Media,5,404.2,,16268.0,163.65,173.0,2024-46
2024-11-13,Email,9,1439.79,2243.0,,0.0,104.33090688559692,2024-46
2024-11-13,PPC,9,973.2,,,235.79,0.0,2024-46
2024-11-13,Social Media,5,538.1,,13166.0,132.84,254.0,2024-46
2024-11-14,Email,10,1161.5,2274.0,,0.0,125.82131013146817,2024-46
2024-11-14,PPC,21,2126.97,,,330.57,0.0,2024-46
2024-11-14,Social Media,8,448.56,,19102.0,177.77,318.0,2024-46
2024-11-15,Email,9,1115.51,2124.0,,0.0,91.35465115552198,2024-46
2024-11-15,PPC,11,785.94,,,226.98,0.0,2024-46
2024-11-15,Social Media,8,573.99,,19257.0,181.0,341.0,2024-46
2024-11-16,Email,6,659.85,1920.0,,0.0,77.92959688295689,2024-46
2024-11-16,PPC,14,1399.09,,,239.55,0.0,2024-46
2024-11-16,Social Media,7,485.52,,13551.0,137.38,260.0,2024-46
2024-11-17,Email,6,726.68,1097.0,,0.0,69.54471024888025,2024-46
2024-11-17,PPC,13,1425.4,,,260.87,0.0,2024-46
2024-11-17,Social Media,5,386.5,,15476.0,131.85,181.0,2024-46
2024-11-18,Email,6,775.46,1907.0,,0.0,80.19845379022212,2024-47
2024-11-18,PPC,11,1007.25,,,314.41,0.0,2024-47
2024-11-18,Social Media,5,286.59,,17071.0,168.83,198.0,2024-47
2024-11-19,Email,7,869.68,1831.0,,0.0,89.88919348859216,2024-47
2024-11-19,PPC,14,1141.57,,,333.96,0.0,2024-47
2024-11-19,Social Media,5,435.26,,20840.0,190.04,214.0,2024-47
2024-11-20,Email,9,1176.45,3064.0,,0.0,126.61520285447476,2024-47
2024-11-20,PPC,15,2116.66,,,280.71,0.0,2024-47
2024-11-20,Social Media,5,448.79,,10479.0,122.84,195.0,2024-47
2024-11-21,Email,9,1080.99,1570.0,,0.0,103.37466724255356,2024-47
2024-11-21,PPC,15,1364.13,,,319.59,0.0,2024-47
2024-11-21,Social Media,5,404.69,,11523.0,120.02,263.0,2024-47
2024-11-22,Email,10,1365.07,2192.0,,0.0,110.16568838737982,2024-47
2024-11-22,PPC,17,1863.8,,,307.61,0.0,2024-47
2024-11-22,Social Media,7,672.38,,15489.0,162.02,291.0,2024-47
2024-11-23,Email,8,1085.61,2385.0,,0.0,98.98628914804723,2024-47
2024-11-23,PPC,18,1837.17,,,313.05,0.0,2024-47
2024-11-23,Social Media,9,517.4499999999999,,18065.0,167.74,333.0,2024-47
2024-11-24,Email,13,1923.6399999999999,2513.0,,0.0,135.83441845001482,2024-47
2024-11-24,PPC,10,814.03,,,254.66,0.0,2024-47
2024-11-24,Social Media,5,257.95,,12413.0,121.49,205.0,2024-47
2024-11-25,Email,13,1938.35,2374.0,,0.0,139.7079564117249,2024-48
2024-11-25,PPC,19,2052.5,,,280.55,0.0,2024-48
2024-11-25,Social Media,5,215.74,,21794.0,188.27,217.0,2024-48
2024-11-26,Email,8,775.27,2300.0,,0.0,95.6047196432028,2024-48
2024-11-26,PPC,9,906.03,,,219.1,0.0,2024-48
2024-11-26,Social Media,4,385.40999999999997,,9963.0,116.2,191.0,2024-48
2024-11-27,Email,5,565.8199999999999,1618.0,,0.0,74.52246670339528,2024-48
2024-11-27,PPC,15,1343.71,,,310.19,0.0,2024-48
2024-11-27,Social Media,5,281.1,,13005.0,157.46,185.0,2024-48
2024-11-28,Email,10,1445.79,2320.0,,0.0,109.45890370260518,2024-48
2024-11-28,PPC,16,1708.4,,,294.39,0.0,2024-48
2024-11-28,Social Media,3,104.37,,13622.0,151.0,178.0,2024-48
2024-11-29,Email,11,1251.51,2539.0,,0.0,121.41169003602148,2024-48
2024-11-29,PPC,10,1071.13,,,256.72,0.0,2024-48
2024-11-29,Social Media,4,371.71000000000004,,14249.0,148.89,165.0,2024-48
2024-11-30,Email,12,1269.33,2158.0,,0.0,126.37844423401216,2024-48
2024-11-30,PPC,12,958.85,,,311.57,0.0,2024-48
2024-11-30,Social Media,8,796.86,,21071.0,178.16,350.0,2024-48
2024-12-01,Email,7,983.27,2264.0,,0.0,101.35674991455808,2024-48
2024-12-01,PPC,18,1561.8,,,259.96,0.0,2024-48
2024-12-01,Social Media,6,484.33,,19248.0,162.29,253.0,2024-48
2024-12-02,Email,6,674.78,2026.0,,0.0,85.34416182294967,2024-49
2024-12-02,PPC,13,1300.13,,,242.18,0.0,2024-49
2024-12-02,Social Media,8,605.36,,16183.0,189.67,315.0,2024-49
2024-12-03,Email,6,809.59,1638.0,,0.0,84.33821194365007,2024-49
2024-12-03,PPC,17,1648.49,,,279.31,0.0,2024-49
2024-12-03,Social Media,4,177.76,,16616.0,140.96,228.0,2024-49
2024-12-04,Email,9,1142.54,2108.0,,0.0,127.33641566904886,2024-49
2024-12-04,PPC,16,1564.77,,,291.59,0.0,2024-49
2024-12-04,Social Media,8,627.58,,18724.0,189.95,299.0,2024-49
2024-12-05,Email,10,1441.32,2606.0,,0.0,107.336278009687,2024-49
2024-12-05,PPC,11,1147.1200000000001,,,230.1,0.0,2024-49
2024-12-05,Social Media,6,986.0900000000001,,15764.0,143.9,242.0,2024-49
2024-12-06,Email,10,1386.21,1910.0,,0.0,127.33529983043113,2024-49
2024-12-06,PPC,17,1977.79,,,290.45,0.0,2024-49
2024-12-06,Social Media,5,593.29,,13075.0,109.87,195.0,2024-49
2024-12-07,Email,14,1749.16,2346.0,,0.0,150.33098409700986,2024-49
2024-12-07,PPC,11,935.03,,,246.04,0.0,2024-49
2024-12-07,Social Media,4,423.69000000000005,,11933.0,109.36,178.0,2024-49
2024-12-08,Email,9,1014.55,2003.0,,0.0,115.32084211729916,2024-49
2024-12-08,PPC,14,1529.74,,,278.71,0.0,2024-49
2024-12-08,Social Media,3,210.01,,12435.0,139.78,129.0,2024-49
2024-12-09,Email,9,1145.13,2087.0,,0.0,105.3023997617563,2024-50
2024-12-09,PPC,14,1282.3,,,278.57,0.0,2024-50
2024-12-09,Social Media,3,179.59,,17928.0,174.26,181.0,2024-50
2024-12-10,Email,10,1174.97,3277.0,,0.0,147.27320364745557,2024-50
2024-12-10,PPC,15,1450.32,,,246.74,0.0,2024-50
2024-12-10,Social Media,5,263.0,,15967.0,155.99,213.0,2024-50
2024-12-11,Email,10,1530.53,2876.0,,0.0,133.23082727026755,2024-50
2024-12-11,PPC,12,1279.88,,,173.88,0.0,2024-50
2024-12-11,Social Media,3,206.70999999999998,,11542.0,117.86,128.0,2024-50
2024-12-12,Email,7,956.07,2345.0,,0.0,98.172877069856,2024-50
2024-12-12,PPC,11,923.57,,,184.56,0.0,2024-50
2024-12-12,Social Media,4,303.38,,14003.0,174.59,184.0,2024-50
2024-12-13,Email,7,905.77,2514.0,,0.0,108.09699841233196,2024-50
2024-12-13,PPC,11,973.8599999999999,,,231.49,0.0,2024-50
2024-12-13,Social Media,6,615.15,,13238.0,140.13,240.0,2024-50
2024-12-14,Email,12,1613.54,2766.0,,0.0,129.00088147561237,2024-50
2024-12-14,PPC,9,836.9499999999999,,,216.68,0.0,2024-50
2024-12-14,Social Media,5,529.3399999999999,,15011.0,133.01,261.0,2024-50
2024-12-15,Email,11,1582.8,3161.0,,0.0,143.88226702277217,2024-50
2024-12-15,PPC,13,1487.44,,,248.29,0.0,2024-50
2024-12-15,Social Media,4,294.1,,16489.0,157.23,166.0,2024-50
2024-12-16,Email,13,1749.61,3076.0,,0.0,152.7389520489602,2024-51
2024-12-16,PPC,12,865.62,,,200.33,0.0,2024-51
2024-12-16,Social Media,4,370.89,,12420.0,127.04,173.0,2024-51
2024-12-17,Email,11,1295.77,3192.0,,0.0,142.568795287764,2024-51
2024-12-17,PPC,19,2087.99,,,311.2,0.0,2024-51
2024-12-17,Social Media,4,339.41,,15672.0,133.35,206.0,2024-51
2024-12-18,Email,10,1467.4,2121.0,,0.0,124.36972256326048,2024-51
2024-12-18,PPC,12,1021.74,,,282.06,0.0,2024-51
2024-12-18,Social Media,7,406.75,,16471.0,175.03,264.0,2024-51
2024-12-19,Email,9,1031.56,1852.0,,0.0,100.13973197437578,2024-51
2024-12-19,PPC,11,1078.71,,,224.4,0.0,2024-51
2024-12-19,Social Media,7,409.56,,17152.0,177.2,321.0,2024-51
2024-12-20,Email,10,1341.83,2287.0,,0.0,118.87689889859529,2024-51
2024-12-20,PPC,12,1346.71,,,256.16,0.0,2024-51
2024-12-20,Social Media,2,114.17,,9123.0,103.76,92.0,2024-51
2024-12-21,Email,11,1378.38,2113.0,,0.0,127.57938080251752,2024-51
2024-12-21,PPC,10,1100.3700000000001,,,260.92,0.0,2024-51
2024-12-21,Social Media,6,451.59000000000003,,21519.0,179.53,239.0,2024-51
2024-12-22,Email,15,2572.7,2852.0,,0.0,159.24542184722822,2024-51
2024-12-22,PPC,12,938.38,,,237.29,0.0,2024-51
2024-12-22,Social Media,5,365.78,,17170.0,163.06,183.0,2024-51
2024-12-23,Email,12,1365.1299999999999,2459.0,,0.0,153.87335727698306,2024-52
2024-12-23,PPC,11,925.73,,,240.98,0.0,2024-52
2024-12-23,Social Media,3,312.84000000000003,,10769.0,114.93,171.0,2024-52
2024-12-24,Email,14,1799.45,2560.0,,0.0,152.4616175802301,2024-52
2024-12-24,PPC,14,1490.07,,,208.77,0.0,2024-52
2024-12-24,Social Media,6,551.5699999999999,,11532.0,144.0,303.0,2024-52
2024-12-25,Email,11,1148.65,3084.0,,0.0,143.00873241257128,2024-52
2024-12-25,PPC,10,1063.93,,,221.39,0.0,2024-52
2024-12-25,Social Media,5,557.63,,9922.0,116.17,211.0,2024-52
2024-12-26,Email,9,1163.85,2523.0,,0.0,108.51333427185764,2024-52
2024-12-26,PPC,9,942.5799999999999,,,215.68,0.0,2024-52
2024-12-26,Social Media,4,474.22,,9647.0,100.0,145.0,2024-52
2024-12-27,Email,13,1860.32,3260.0,,0.0,140.97416191623253,2024-52
2024-12-27,PPC,17,1622.24,,,272.78,0.0,2024-52
2024-12-27,Social Media,5,451.67999999999995,,12482.0,146.04,238.0,2024-52
2024-12-28,Email,11,1338.1,2755.0,,0.0,147.3900635165794,2024-52
2024-12-28,PPC,11,1130.42,,,232.0,0.0,2024-52
2024-12-28,Social Media,5,440.48,,11660.0,121.2,229.0,2024-52
2024-12-29,Email,7,871.16,1790.0,,0.0,103.7599995354948,2024-52
2024-12-29,PPC,15,1909.43,,,253.32,0.0,2024-52
2024-12-29,Social Media,4,289.18,,13246.0,130.32,209.0,2024-52
2024-12-30,Email,8,1022.88,1530.0,,0.0,101.08304532559028,2025-01
2024-12-30,PPC,8,864.5699999999999,,,234.12,0.0,2025-01
2024-12-30,Social Media,3,189.48,,8970.0,102.52,129.0,2025-01
2024-12-31,Email,10,1012.49,2481.0,,0.0,119.35839344062973,2025-01
2024-12-31,PPC,14,1385.79,,,309.95,0.0,2025-01
2024-12-31,Social Media,2,128.34,,9048.0,101.76,111.0,2025-01
2025-01-01,Email,10,1344.24,2544.0,,0.0,113.585355653724,2025-01
2025-01-01,PPC,10,910.15,,,203.97,0.0,2025-01
2025-01-01,Social Media,3,394.29,,13995.0,156.81,150.0,2025-01
2025-01-02,Email,7,861.39,1693.0,,0.0,99.76336467754,2025-01
2025-01-02,PPC,12,1472.77,,,206.17,0.0,2025-01
2025-01-02,Social Media,7,460.65000000000003,,17256.0,164.24,326.0,2025-01
2025-01-03,Email,13,1778.27,3420.0,,0.0,158.89197558222352,2025-01
2025-01-03,PPC,10,1218.72,,,205.75,0.0,2025-01
2025-01-03,Social Media,2,327.5,,9447.0,94.6,144.0,2025-01
2025-01-04,Email,9,1204.29,2200.0,,0.0,130.9708669074921,2025-01
2025-01-04,PPC,15,1576.53,,,315.96,0.0,2025-01
2025-01-04,Social Media,5,250.56,,13667.0,119.82,203.0,2025-01
2025-01-05,Email,7,963.4000000000001,2191.0,,0.0,101.99984146611835,2025-01
2025-01-05,PPC,8,699.88,,,219.42,0.0,2025-01
2025-01-05,Social Media,5,525.8299999999999,,12365.0,116.22,227.0,2025-01
2025-01-06,Email,13,1629.39,2061.0,,0.0,132.97882683679543,2025-02
2025-01-06,PPC,9,945.63,,,214.79,0.0,2025-02
2025-01-06,Social Media,4,374.46999999999997,,9809.0,108.42,231.0,2025-02
2025-01-07,Email,12,1685.99,2965.0,,0.0,148.9078755451524,2025-02
2025-01-07,PPC,14,1485.44,,,256.21,0.0,2025-02
2025-01-07,Social Media,3,92.99000000000001,,13747.0,145.69,158.0,2025-02
2025-01-08,Email,13,2044.46,3290.0,,0.0,143.78716493246765,2025-02
2025-01-08,PPC,10,1335.87,,,213.29,0.0,2025-02
2025-01-08,Social Media,5,250.65,,13014.0,155.65,268.0,2025-02
2025-01-09,Email,12,1373.15,2350.0,,0.0,126.616996712408,2025-02
2025-01-09,PPC,14,1119.37,,,301.34,0.0,2025-02
2025-01-09,Social Media,7,475.23,,17179.0,166.83,269.0,2025-02
2025-01-10,Email,7,1007.0,2631.0,,0.0,109.39779621690172,2025-02
2025-01-10,PPC,11,1787.03,,,283.05,0.0,2025-02
2025-01-10,Social Media,5,425.19,,9093.0,106.05,244.0,2025-02
2025-01-11,Email,13,1551.09,3127.0,,0.0,140.1301113330302,2025-02
2025-01-11,PPC,12,1443.97,,,252.25,0.0,2025-02
2025-01-11,Social Media,3,171.84,,8600.0,100.49,185.0,2025-02
2025-01-12,Email,11,1308.79,2444.0,,0.0,144.81461113359546,2025-02
2025-01-12,PPC,11,1023.6,,,234.16,0.0,2025-02
2025-01-12,Social Media,3,209.17999999999998,,10029.0,98.0,128.0,2025-02
2025-01-13,Email,12,1458.99,2244.0,,0.0,143.4520842047868,2025-03
2025-01-13,PPC,11,1232.95,,,291.8,0.0,2025-03
2025-01-13,Social Media,5,347.68,,14709.0,157.01,248.0,2025-03
2025-01-14,Email,8,961.15,2183.0,,0.0,98.04343667512586,2025-03
2025-01-14,PPC,12,1597.24,,,265.96,0.0,2025-03
2025-01-14,Social Media,4,418.47999999999996,,10845.0,134.78,173.0,2025-03
2025-01-15,Email,9,1056.6100000000001,3159.0,,0.0,127.5896899506173,2025-03
2025-01-15,PPC,13,1210.92,,,314.39,0.0,2025-03
2025-01-15,Social Media,7,782.52,,14630.0,143.3,259.0,2025-03
2025-01-16,Email,11,1701.24,1807.0,,0.0,115.0919781617656,2025-03
2025-01-16,PPC,18,2042.94,,,334.47,0.0,2025-03
2025-01-16,Social Media,6,341.56,,13207.0,125.98,236.0,2025-03
2025-01-17,Email,11,1480.64,3131.0,,0.0,159.5515453288397,2025-03
2025-01-17,PPC,19,1617.3799999999999,,,304.25,0.0,2025-03
2025-01-17,Social Media,8,558.61,,13826.0,159.21,337.0,2025-03
2025-01-18,Email,12,1720.99,3192.0,,0.0,139.9697422524698,2025-03
2025-01-18,PPC,10,1234.19,,,267.22,0.0,2025-03
2025-01-18,Social Media,4,349.33,,12304.0,106.36,162.0,2025-03
2025-01-19,Email,7,949.24,2495.0,,0.0,103.34802313734974,2025-03
2025-01-19,PPC,13,1579.72,,,328.48,0.0,2025-03
2025-01-19,Social Media,3,224.89,,7546.0,91.48,119.0,2025-03
2025-01-20,Email,11,1384.27,2432.0,,0.0,150.68794195748228,2025-04
2025-01-20,PPC,18,2183.0,,,311.31,0.0,2025-04
2025-01-20,Social Media,5,308.84,,11967.0,134.57,215.0,2025-04
2025-01-21,Email,11,1374.4099999999999,3547.0,,0.0,162.99114857205336,2025-04
2025-01-21,PPC,17,2273.61,,,336.38,0.0,2025-04
2025-01-21,Social Media,5,336.46000000000004,,15570.0,148.76,213.0,2025-04
2025-01-22,Email,11,1288.87,2485.0,,0.0,124.25938460164366,2025-04
2025-01-22,PPC,20,1874.57,,,326.5,0.0,2025-04
2025-01-22,Social Media,7,527.21,,12219.0,147.42,253.0,2025-04
2025-01-23,Email,10,1524.71,2776.0,,0.0,124.49447907508385,2025-04
2025-01-23,PPC,13,1306.74,,,280.7,0.0,2025-04
2025-01-23,Social Media,4,387.81,,8639.0,98.94,192.0,2025-04
2025-01-24,Email,9,1191.85,1829.0,,0.0,101.69834385783524,2025-04
2025-01-24,PPC,11,1243.96,,,288.02,0.0,2025-04
2025-01-24,Social Media,3,415.01,,10459.0,98.01,146.0,2025-04
2025-01-25,Email,14,1751.58,3188.0,,0.0,148.87296887332178,2025-04
2025-01-25,PPC,12,1189.66,,,230.42,0.0,2025-04
2025-01-25,Social Media,5,467.22,,12548.0,130.98,193.0,2025-04
2025-01-26,Email,11,1220.81,2497.0,,0.0,114.02041712915768,2025-04
2025-01-26,PPC,24,2159.99,,,348.32,0.0,2025-04
2025-01-26,Social Media,4,177.56,,8274.0,92.56,146.0,2025-04
2025-01-27,Email,14,1860.59,2448.0,,0.0,147.14281956070312,2025-05
2025-01-27,PPC,14,1554.67,,,320.9,0.0,2025-05
2025-01-27,Social Media,8,673.3199999999999,,16613.0,151.13,312.0,2025-05
2025-01-28,Email,11,1642.89,1931.0,,0.0,119.24236970483511,2025-05
2025-01-28,PPC,14,1648.1,,,337.44,0.0,2025-05
2025-01-28,Social Media,4,259.7,,13441.0,140.95,218.0,2025-05
2025-01-29,Email,8,925.87,1610.0,,0.0,87.32131821724822,2025-05
2025-01-29,PPC,10,940.94,,,217.79,0.0,2025-05
2025-01-29,Social Media,5,403.34999999999997,,10424.0,116.14,252.0,2025-05
2025-01-30,Email,9,1286.41,2620.0,,0.0,112.38196724698705,2025-05
2025-01-30,PPC,17,1528.02,,,343.06,0.0,2025-05
2025-01-30,Social Media,5,375.07,,8809.0,102.2,204.0,2025-05
2025-01-31,Email,11,1641.8600000000001,2813.0,,0.0,119.42666468227266,2025-05
2025-01-31,PPC,11,1013.74,,,269.51,0.0,2025-05
2025-01-31,Social Media,4,221.4,,12235.0,140.37,192.0,2025-05
2025-02-01,Email,8,999.5699999999999,2516.0,,0.0,114.45779828200496,2025-05
2025-02-01,PPC,11,1065.71,,,243.71,0.0,2025-05
2025-02-01,Social Media,4,373.42,,14452.0,139.32,158.0,2025-05
2025-02-02,Email,6,695.9100000000001,1368.0,,0.0,87.47778970760866,2025-05
2025-02-02,PPC,12,1156.8,,,255.95,0.0,2025-05
2025-02-02,Social Media,2,229.14,,8442.0,105.3,108.0,2025-05
2025-02-03,Email,7,1007.78,1421.0,,0.0,85.48908847014124,2025-06
2025-02-03,PPC,18,1620.19,,,275.69,0.0,2025-06
2025-02-03,Social Media,3,141.43,,12645.0,106.54,108.0,2025-06
2025-02-04,Email,8,949.23,2108.0,,0.0,89.4941658077907,2025-06
2025-02-04,PPC,20,2084.02,,,326.54,0.0,2025-06
2025-02-04,Social Media,3,346.86,,15864.0,152.7,171.0,2025-06
2025-02-05,Email,7,1047.45,1749.0,,0.0,104.49550850906716,2025-06
2025-02-05,PPC,12,1204.1100000000001,,,231.15,0.0,2025-06
2025-02-05,Social Media,4,282.01,,15038.0,125.36,194.0,2025-06
2025-02-06,Email,7,834.9,2334.0,,0.0,109.49561269712684,2025-06
2025-02-06,PPC,16,1646.96,,,276.91,0.0,2025-06
2025-02-06,Social Media,3,401.02,,8395.0,75.02,125.0,2025-06
2025-02-07,Email,8,1038.8600000000001,1619.0,,0.0,104.49697759076382,2025-06
2025-02-07,PPC,15,1650.05,,,290.59,0.0,2025-06
2025-02-07,Social Media,4,336.91,,9320.0,114.26,187.0,2025-06
2025-02-08,Email,6,824.6999999999999,1394.0,,0.0,85.50209925766495,2025-06
2025-02-08,PPC,20,1994.1,,,365.06,0.0,2025-06
2025-02-08,Social Media,4,345.59000000000003,,13109.0,144.12,218.0,2025-06
2025-02-09,Email,8,1013.77,1670.0,,0.0,89.51346437554041,2025-06
2025-02-09,PPC,14,1503.1,,,269.39,0.0,2025-06
2025-02-09,Social Media,2,91.54,,6930.0,79.36,113.0,2025-06
2025-02-10,Email,9,890.94,2066.0,,0.0,116.53354401672432,2025-07
2025-02-10,PPC,14,1495.2,,,299.41,0.0,2025-07
2025-02-10,Social Media,6,512.5699999999999,,11233.0,132.79,218.0,2025-07
2025-02-11,Email,9,948.86,1972.0,,0.0,119.56478747178114,2025-07
2025-02-11,PPC,18,1780.55,,,366.71,0.0,2025-07
2025-02-11,Social Media,5,391.05,,13012.0,121.75,232.0,2025-07
2025-02-12,Email,11,1516.54,2454.0,,0.0,119.60961612755452,2025-07
2025-02-12,PPC,10,785.3399999999999,,,238.79,0.0,2025-07
2025-02-12,Social Media,5,266.99,,14320.0,128.43,211.0,2025-07
2025-02-13,Email,6,730.88,1418.0,,0.0,88.67041741496143,2025-07
2025-02-13,PPC,18,2175.88,,,327.3,0.0,2025-07
2025-02-13,Social Media,3,319.69,,10865.0,114.35,163.0,2025-07
2025-02-14,Email,10,1379.74,2496.0,,0.0,112.74953884165816,2025-07
2025-02-14,PPC,17,1639.26,,,334.98,0.0,2025-07
2025-02-14,Social Media,6,364.22,,17494.0,149.91,226.0,2025-07
2025-02-15,Email,7,1008.4399999999999,1926.0,,0.0,82.84928212449357,2025-07
2025-02-15,PPC,9,1011.22,,,244.75,0.0,2025-07
2025-02-15,Social Media,2,167.53,,16108.0,136.96,144.0,2025-07
2025-02-16,Email,8,1280.08,2207.0,,0.0,105.97189743641606,2025-07
2025-02-16,PPC,21,2297.54,,,353.22,0.0,2025-07
2025-02-16,Social Media,5,556.59,,12781.0,134.3,194.0,2025-07
2025-02-17,Email,6,761.72,1369.0,,0.0,77.1195777822126,2025-08
2025-02-17,PPC,11,759.5,,,315.81,0.0,2025-08
2025-02-17,Social Media,3,343.96000000000004,,10092.0,95.02,168.0,2025-08
2025-02-18,Email,9,1354.11,2640.0,,0.0,114.29445351713927,2025-08
2025-02-18,PPC,10,1024.16,,,273.0,0.0,2025-08
2025-02-18,Social Media,6,420.22,,14472.0,132.91,240.0,2025-08
2025-02-19,Email,7,1162.24,1694.0,,0.0,74.49858702214236,2025-08
2025-02-19,PPC,10,910.3,,,261.1,0.0,2025-08
2025-02-19,Social Media,2,138.96,,8615.0,86.63,102.0,2025-08
2025-02-20,Email,10,1346.75,2207.0,,0.0,128.73396754898005,2025-08
2025-02-20,PPC,14,1490.3,,,295.59,0.0,2025-08
2025-02-20,Social Media,5,416.02,,14253.0,135.83,195.0,2025-08
2025-02-21,Email,9,1387.56,2701.0,,0.0,130.00250624812915,2025-08
2025-02-21,PPC,11,1004.88,,,310.38,0.0,2025-08
2025-02-21,Social Media,2,317.45,,7774.0,79.37,95.0,2025-08
2025-02-22,Email,9,1185.6,2514.0,,0.0,116.3060313919041,2025-08
2025-02-22,PPC,13,1507.08,,,338.46,0.0,2025-08
2025-02-22,Social Media,3,234.14,,10678.0,104.55,150.0,2025-08
2025-02-23,Email,7,656.6700000000001,1743.0,,0.0,87.64628380472836,2025-08
2025-02-23,PPC,13,1314.08,,,277.41,0.0,2025-08
2025-02-23,Social Media,3,442.03,,13021.0,120.76,134.0,2025-08
2025-02-24,Email,7,1134.52,2211.0,,0.0,97.02491251198,2025-09
2025-02-24,PPC,9,1248.09,,,257.91,0.0,2025-09
2025-02-24,Social Media,4,228.93,,11636.0,144.15,188.0,2025-09
2025-02-25,Email,8,1334.3000000000002,2283.0,,0.0,108.44347061828692,2025-09
2025-02-25,PPC,12,892.89,,,326.95,0.0,2025-09
2025-02-25,Social Media,8,732.74,,14637.0,147.19,310.0,2025-09
2025-02-26,Email,10,1439.42,1829.0,,0.0,113.90341142557436,2025-09
2025-02-26,PPC,12,1435.8600000000001,,,268.68,0.0,2025-09
2025-02-26,Social Media,3,261.4,,5942.0,73.07,133.0,2025-09
2025-02-27,Email,5,597.97,1445.0,,0.0,64.4060848005666,2025-09
2025-02-27,PPC,10,932.24,,,278.5,0.0,2025-09
2025-02-27,Social Media,5,320.26,,12269.0,127.95,174.0,2025-09
2025-02-28,Email,5,613.01,1772.0,,0.0,73.95273380082352,2025-09
2025-02-28,PPC,17,1899.24,,,317.39,0.0,2025-09
2025-02-28,Social Media,5,326.73,,12516.0,118.49,193.0,2025-09
2025-03-01,Email,8,1010.53,1602.0,,0.0,94.54449156774388,2025-09
2025-03-01,PPC,16,1800.23,,,293.03,0.0,2025-09
2025-03-01,Social Media,4,465.77,,9894.0,123.31,148.0,2025-09
2025-03-02,Email,5,828.88,1900.0,,0.0,79.18237849430184,2025-09
2025-03-02,PPC,12,1088.61,,,321.68,0.0,2025-09
2025-03-02,Social Media,2,133.38,,12066.0,126.31,125.0,2025-09
2025-03-03,Email,6,832.1700000000001,1689.0,,0.0,80.86729967459624,2025-10
2025-03-03,PPC,16,1851.8,,,316.63,0.0,2025-10
2025-03-03,Social Media,3,474.56,,8557.0,94.29,143.0,2025-10
2025-03-04,Email,7,817.21,1348.0,,0.0,86.60004264158643,2025-10
2025-03-04,PPC,11,1026.73,,,301.6,0.0,2025-10
2025-03-04,Social Media,4,406.03,,12154.0,125.01,163.0,2025-10
2025-03-05,Email,9,1408.1599999999999,1685.0,,0.0,98.38127539867016,2025-10
2025-03-05,PPC,14,1243.42,,,316.36,0.0,2025-10
2025-03-05,Social Media,5,248.75,,11330.0,102.55,186.0,2025-10
2025-03-06,Email,6,822.23,1721.0,,0.0,70.21154475002298,2025-10
2025-03-06,PPC,11,988.0600000000001,,,277.84,0.0,2025-10
2025-03-06,Social Media,5,187.74,,14250.0,141.92,280.0,2025-10
2025-03-07,Email,8,1199.32,2333.0,,0.0,96.09127493387246,2025-10
2025-03-07,PPC,18,1843.3600000000001,,,328.96,0.0,2025-10
2025-03-07,Social Media,3,428.02000000000004,,8924.0,86.21,136.0,2025-10
2025-03-08,Email,5,563.64,1673.0,,0.0,71.02076656212367,2025-10
2025-03-08,PPC,11,1158.19,,,287.62,0.0,2025-10
2025-03-08,Social Media,5,422.3,,13009.0,143.09,221.0,2025-10
2025-03-09,Email,10,1283.53,1847.0,,0.0,113.00019586898593,2025-10
2025-03-09,PPC,17,1434.35,,,385.58,0.0,2025-10
2025-03-09,Social Media,2,87.19,,7535.0,75.63,104.0,2025-10
2025-03-10,Email,5,646.77,1643.0,,0.0,66.0296142704791,2025-11
2025-03-10,PPC,23,2311.16,,,394.14,0.0,2025-11
2025-03-10,Social Media,3,193.73000000000002,,10042.0,90.3,114.0,2025-11
2025-03-11,Email,6,1012.29,1686.0,,0.0,72.10894823592022,2025-11
2025-03-11,PPC,19,1875.35,,,391.2,0.0,2025-11
2025-03-11,Social Media,7,594.42,,11687.0,117.4,264.0,2025-11
2025-03-12,Email,9,1177.75,2118.0,,0.0,105.23799947171204,2025-11
2025-03-12,PPC,16,1851.52,,,321.54,0.0,2025-11
2025-03-12,Social Media,8,639.77,,11579.0,126.94,275.0,2025-11
2025-03-13,Email,8,1114.6,1604.0,,0.0,83.41644541697366,2025-11
2025-03-13,PPC,14,1446.38,,,344.03,0.0,2025-11
2025-03-13,Social Media,5,319.01,,10098.0,122.12,232.0,2025-11
2025-03-14,Email,5,701.39,1001.0,,0.0,62.64384004977477,2025-11
2025-03-14,PPC,15,1482.2,,,293.46,0.0,2025-11
2025-03-14,Social Media,3,239.73999999999998,,10445.0,122.52,160.0,2025-11
2025-03-15,Email,5,514.77,1613.0,,0.0,65.91961500195822,2025-11
2025-03-15,PPC,20,1720.52,,,399.36,0.0,2025-11
2025-03-15,Social Media,2,287.69,,9335.0,80.32,94.0,2025-11
2025-03-16,Email,12,1603.68,2072.0,,0.0,126.24308097976434,2025-11
2025-03-16,PPC,9,1088.77,,,281.2,0.0,2025-11
2025-03-16,Social Media,4,250.32999999999998,,10480.0,107.89,182.0,2025-11
2025-03-17,Email,9,1236.64,1604.0,,0.0,94.61342948670648,2025-12
2025-03-17,PPC,17,1820.92,,,346.43,0.0,2025-12
2025-03-17,Social Media,7,556.18,,11970.0,147.41,252.0,2025-12
2025-03-18,Email,6,637.51,1370.0,,0.0,66.02973484439103,2025-12
2025-03-18,PPC,22,2496.23,,,331.71,0.0,2025-12
2025-03-18,Social Media,4,267.96000000000004,,10412.0,96.98,148.0,2025-12
2025-03-19,Email,10,1282.42,3046.0,,0.0,126.49095650623144,2025-12
2025-03-19,PPC,18,2113.44,,,392.85,0.0,2025-12
2025-03-19,Social Media,4,182.78,,9755.0,104.61,218.0,2025-12
2025-03-20,Email,6,797.46,1101.0,,0.0,72.99594165827267,2025-12
2025-03-20,PPC,15,1505.33,,,286.76,0.0,2025-12
2025-03-20,Social Media,3,180.89,,9582.0,107.73,148.0,2025-12
2025-03-21,Email,10,1347.62,2925.0,,0.0,130.54342810062582,2025-12
2025-03-21,PPC,14,1366.29,,,293.27,0.0,2025-12
2025-03-21,Social Media,3,192.32,,10505.0,107.44,150.0,2025-12
2025-03-22,Email,12,1994.6299999999999,3047.0,,0.0,133.13204740231046,2025-12
2025-03-22,PPC,13,1004.19,,,294.86,0.0,2025-12
2025-03-22,Social Media,3,203.89000000000001,,13296.0,151.1,187.0,2025-12
2025-03-23,Email,6,644.78,1499.0,,0.0,81.76032832161934,2025-12
2025-03-23,PPC,15,1369.0900000000001,,,378.66,0.0,2025-12
2025-03-23,Social Media,3,240.5,,10135.0,108.86,141.0,2025-12
2025-03-24,Email,8,978.98,2141.0,,0.0,95.4267004834566,2025-13
2025-03-24,PPC,20,1568.7,,,360.28,0.0,2025-13
2025-03-24,Social Media,5,299.65,,17819.0,151.43,218.0,2025-13
2025-03-25,Email,6,841.72,1621.0,,0.0,81.12949830445756,2025-13
2025-03-25,PPC,16,1848.17,,,385.7,0.0,2025-13
2025-03-25,Social Media,2,70.63,,8690.0,76.0,100.0,2025-13
2025-03-26,Email,7,1011.4300000000001,1983.0,,0.0,97.86696515607969,2025-13
2025-03-26,PPC,19,1879.49,,,368.78,0.0,2025-13
2025-03-26,Social Media,2,65.46,,12983.0,112.41,128.0,2025-13
2025-03-27,Email,7,1151.56,2185.0,,0.0,90.63725775525933,2025-13
2025-03-27,PPC,16,2025.8700000000001,,,360.04,0.0,2025-13
2025-03-27,Social Media,4,313.03999999999996,,12363.0,136.24,150.0,2025-13
2025-03-28,Email,9,1349.77,2904.0,,0.0,118.43845077165908,2025-13
2025-03-28,PPC,20,1919.0,,,405.91,0.0,2025-13
2025-03-28,Social Media,6,553.99,,10979.0,120.29,207.0,2025-13
2025-03-29,Email,6,839.4200000000001,1622.0,,0.0,73.2685416399913,2025-13
2025-03-29,PPC,19,1898.18,,,341.92,0.0,2025-13
2025-03-29,Social Media,7,566.95,,12137.0,142.11,242.0,2025-13
2025-03-30,Email,7,813.02,1798.0,,0.0,95.12545556538804,2025-13
2025-03-30,PPC,14,1422.03,,,304.16,0.0,2025-13
2025-03-30,Social Media,2,145.03,,8815.0,90.54,88.0,2025-13
2025-03-31,Email,5,597.28,1192.0,,0.0,78.00705070930798,2025-14
2025-03-31,PPC,11,969.49,,,281.21,0.0,2025-14
2025-03-31,Social Media,4,206.21,,16333.0,147.15,162.0,2025-14
2025-04-01,Email,6,714.25,1676.0,,0.0,71.9111235430172,2025-14
2025-04-01,PPC,20,1890.78,,,395.54,0.0,2025-14
2025-04-01,Social Media,4,187.99,,9316.0,114.84,217.0,2025-14
2025-04-02,Email,10,1163.79,2213.0,,0.0,135.83541435526342,2025-14
2025-04-02,PPC,15,2002.38,,,332.1,0.0,2025-14
2025-04-02,Social Media,3,140.21,,12917.0,135.35,137.0,2025-14
2025-04-03,Email,8,1111.43,2175.0,,0.0,111.77761290037743,2025-14
2025-04-03,PPC,13,1107.71,,,313.37,0.0,2025-14
2025-04-03,Social Media,5,367.76,,16258.0,141.0,213.0,2025-14
2025-04-04,Email,12,1649.3600000000001,2422.0,,0.0,135.73536417268397,2025-14
2025-04-04,PPC,14,1436.16,,,296.83,0.0,2025-14
2025-04-04,Social Media,4,197.78,,18099.0,153.38,194.0,2025-14
2025-04-05,Email,8,935.23,1537.0,,0.0,87.70627429278943,2025-14
2025-04-05,PPC,15,1337.1399999999999,,,274.91,0.0,2025-14
2025-04-05,Social Media,2,121.86,,9391.0,80.18,102.0,2025-14
2025-04-06,Email,6,654.51,1557.0,,0.0,85.68791649103382,2025-14
2025-04-06,PPC,26,2811.22,,,364.57,0.0,2025-14
2025-04-06,Social Media,5,340.86,,12725.0,155.89,177.0,2025-14
2025-04-07,Email,10,941.51,3009.0,,0.0,140.67783717315083,2025-15
2025-04-07,PPC,26,2569.29,,,393.68,0.0,2025-15
2025-04-07,Social Media,4,270.89,,8971.0,107.18,143.0,2025-15
2025-04-08,Email,11,1324.01,2121.0,,0.0,135.673562052976,2025-15
2025-04-08,PPC,16,1596.45,,,350.2,0.0,2025-15
2025-04-08,Social Media,3,228.31,,9403.0,105.63,151.0,2025-15
2025-04-09,Email,9,1270.67,2116.0,,0.0,104.67260233687315,2025-15
2025-04-09,PPC,22,2831.88,,,385.94,0.0,2025-15
2025-04-09,Social Media,5,284.09000000000003,,12054.0,138.24,187.0,2025-15
2025-04-10,Email,8,855.54,1537.0,,0.0,100.67246094442274,2025-15
2025-04-10,PPC,19,1931.81,,,406.85,0.0,2025-15
2025-04-10,Social Media,6,641.1800000000001,,11775.0,143.43,275.0,2025-15
2025-04-11,Email,13,1448.84,2431.0,,0.0,149.67063874982216,2025-15
2025-04-11,PPC,19,1674.46,,,386.59,0.0,2025-15
2025-04-11,Social Media,2,172.97,,9996.0,118.27,133.0,2025-15
2025-04-12,Email,9,1207.11,2070.0,,0.0,105.66464082839884,2025-15
2025-04-12,PPC,23,2305.78,,,384.59,0.0,2025-15
2025-04-12,Social Media,4,248.57,,8871.0,96.04,184.0,2025-15
2025-04-13,Email,12,1520.61,2702.0,,0.0,130.65198269262268,2025-15
2025-04-13,PPC,17,1740.18,,,359.82,0.0,2025-15
2025-04-13,Social Media,2,159.23000000000002,,8670.0,96.04,110.0,2025-15
2025-04-14,Email,13,2025.93,2638.0,,0.0,152.63019650203077,2025-16
2025-04-14,PPC,17,1480.93,,,335.47,0.0,2025-16
2025-04-14,Social Media,3,211.64,,11034.0,136.17,155.0,2025-16
2025-04-15,Email,9,966.9000000000001,2116.0,,0.0,92.59683723154347,2025-16
2025-04-15,PPC,17,1345.95,,,338.82,0.0,2025-16
2025-04-15,Social Media,7,393.53,,16557.0,156.89,309.0,2025-16
2025-04-16,Email,9,1223.23,2535.0,,0.0,111.54948878275384,2025-16
2025-04-16,PPC,20,2244.22,,,346.63,0.0,2025-16
2025-04-16,Social Media,5,585.02,,17436.0,161.66,257.0,2025-16
2025-04-17,Email,12,1588.62,3142.0,,0.0,128.48577002291515,2025-16
2025-04-17,PPC,15,1943.97,,,333.31,0.0,2025-16
2025-04-17,Social Media,2,202.24,,8027.0,88.21,105.0,2025-16
2025-04-18,Email,8,1147.44,3013.0,,0.0,123.4033407365328,2025-16
2025-04-18,PPC,17,1425.8,,,377.76,0.0,2025-16
2025-04-18,Social Media,6,326.61,,13731.0,150.36,239.0,2025-16
2025-04-19,Email,11,1535.51,3201.0,,0.0,136.29990747468443,2025-16
2025-04-19,PPC,18,1909.76,,,387.57,0.0,2025-16
2025-04-19,Social Media,5,362.56,,15587.0,159.15,211.0,2025-16
2025-04-20,Email,13,1497.32,3718.0,,0.0,158.17322928744747,2025-16
2025-04-20,PPC,17,1552.19,,,283.61,0.0,2025-16
2025-04-20,Social Media,3,146.38,,14121.0,118.94,171.0,2025-16
2025-04-21,Email,9,1052.72,2042.0,,0.0,130.02112332510734,2025-17
2025-04-21,PPC,20,2553.86,,,339.83,0.0,2025-17
2025-04-21,Social Media,3,148.5,,12282.0,145.74,190.0,2025-17
2025-04-22,Email,9,1240.11,2583.0,,0.0,106.84147029414446,2025-17
2025-04-22,PPC,10,1151.23,,,269.98,0.0,2025-17
2025-04-22,Social Media,3,214.56,,17588.0,147.34,185.0,2025-17
2025-04-23,Email,11,1654.99,3496.0,,0.0,148.63221975436477,2025-17
2025-04-23,PPC,14,2028.35,,,304.1,0.0,2025-17
2025-04-23,Social Media,5,379.59,,13466.0,137.55,226.0,2025-17
2025-04-24,Email,8,942.73,1609.0,,0.0,102.39139524393204,2025-17
2025-04-24,PPC,16,1355.58,,,292.14,0.0,2025-17
2025-04-24,Social Media,3,270.82,,9451.0,117.12,174.0,2025-17
2025-04-25,Email,10,1223.84,3417.0,,0.0,144.1170992194933,2025-17
2025-04-25,PPC,10,863.48,,,259.1,0.0,2025-17
2025-04-25,Social Media,6,373.7,,17981.0,162.71,294.0,2025-17
2025-04-26,Email,12,1483.1,2372.0,,0.0,130.80751779904898,2025-17
2025-04-26,PPC,10,730.44,,,250.47,0.0,2025-17
2025-04-26,Social Media,3,303.5,,13401.0,129.08,147.0,2025-17
2025-04-27,Email,10,1476.17,3267.0,,0.0,137.4609252957132,2025-17
2025-04-27,PPC,11,1281.58,,,266.33,0.0,2025-17
2025-04-27,Social Media,5,553.0799999999999,,15082.0,139.26,192.0,2025-17
2025-04-28,Email,13,1967.69,2752.0,,0.0,158.07568853103243,2025-18
2025-04-28,PPC,16,1197.0,,,327.42,0.0,2025-18
2025-04-28,Social Media,4,247.10999999999999,,15507.0,159.49,201.0,2025-18
2025-04-29,Email,14,1697.49,2675.0,,0.0,152.6502709170808,2025-18
2025-04-29,PPC,16,1691.1799999999998,,,354.56,0.0,2025-18
2025-04-29,Social Media,5,275.56,,12305.0,125.03,179.0,2025-18
2025-04-30,Email,13,1541.91,2510.0,,0.0,158.18323629712992,2025-18
2025-04-30,PPC,16,2095.03,,,244.26,0.0,2025-18
2025-04-30,Social Media,5,269.53,,13461.0,126.05,179.0,2025-18
2025-05-01,Email,10,1672.62,3408.0,,0.0,140.6732525352927,2025-18
2025-05-01,PPC,13,1455.55,,,361.35,0.0,2025-18
2025-05-01,Social Media,4,230.1,,9054.0,101.21,150.0,2025-18
2025-05-02,Email,11,1345.02,2003.0,,0.0,128.11909484616925,2025-18
2025-05-02,PPC,11,1018.34,,,257.82,0.0,2025-18
2025-05-02,Social Media,2,163.60999999999999,,11167.0,104.65,95.0,2025-18
2025-05-03,Email,11,1173.15,3967.0,,0.0,167.51964885617255,2025-18
2025-05-03,PPC,18,1951.57,,,326.57,0.0,2025-18
2025-05-03,Social Media,4,529.67,,10048.0,117.93,211.0,2025-18
2025-05-04,Email,12,1249.22,2276.0,,0.0,136.8739133888821,2025-18
2025-05-04,PPC,20,2060.5299999999997,,,376.94,0.0,2025-18
2025-05-04,Social Media,1,64.94,,9181.0,96.31,87.0,2025-18
2025-05-05,Email,9,1198.67,2125.0,,0.0,129.1810029674635,2025-19
2025-05-05,PPC,16,1635.23,,,334.93,0.0,2025-19
2025-05-05,Social Media,2,146.86,,13826.0,136.82,139.0,2025-19
2025-05-06,Email,10,1198.21,3051.0,,0.0,135.4401500278995,2025-19
2025-05-06,PPC,11,1561.37,,,235.89,0.0,2025-19
2025-05-06,Social Media,5,259.46000000000004,,10933.0,118.28,199.0,2025-19
2025-05-07,Email,8,862.64,3071.0,,0.0,123.6507068375002,2025-19
2025-05-07,PPC,12,1452.5500000000002,,,333.82,0.0,2025-19
2025-05-07,Social Media,2,146.16,,9964.0,108.29,130.0,2025-19
2025-05-08,Email,14,1934.7,2594.0,,0.0,167.8121471138974,2025-19
2025-05-08,PPC,16,1859.21,,,324.76,0.0,2025-19
2025-05-08,Social Media,4,235.23,,17482.0,173.26,163.0,2025-19
2025-05-09,Email,12,2193.56,2617.0,,0.0,132.92406734047665,2025-19
2025-05-09,PPC,14,1772.55,,,244.95,0.0,2025-19
2025-05-09,Social Media,7,802.86,,10395.0,115.22,253.0,2025-19
2025-05-10,Email,11,1492.1,1814.0,,0.0,113.98618777495837,2025-19
2025-05-10,PPC,13,1058.65,,,244.91,0.0,2025-19
2025-05-10,Social Media,4,398.24,,15504.0,137.76,239.0,2025-19
2025-05-11,Email,14,2107.78,3698.0,,0.0,159.99835314860806,2025-19
2025-05-11,PPC,15,1514.74,,,319.32,0.0,2025-19
2025-05-11,Social Media,5,338.73,,15612.0,178.53,244.0,2025-19
2025-05-12,Email,8,946.13,2704.0,,0.0,121.96053305432724,2025-20
2025-05-12,PPC,15,1971.18,,,357.76,0.0,2025-20
2025-05-12,Social Media,4,205.07,,14678.0,162.17,204.0,2025-20
2025-05-13,Email,11,1378.44,2817.0,,0.0,144.87282202265524,2025-20
2025-05-13,PPC,12,996.31,,,323.4,0.0,2025-20
2025-05-13,Social Media,4,372.8,,12963.0,161.19,186.0,2025-20
2025-05-14,Email,7,927.79,1808.0,,0.0,112.73543928549226,2025-20
2025-05-14,PPC,15,1730.58,,,322.85,0.0,2025-20
2025-05-14,Social Media,5,385.40000000000003,,12641.0,157.06,272.0,2025-20
2025-05-15,Email,13,1860.6,2855.0,,0.0,133.54872822813363,2025-20
2025-05-15,PPC,12,1191.8899999999999,,,281.44,0.0,2025-20
2025-05-15,Social Media,2,91.05,,9413.0,117.54,115.0,2025-20
2025-05-16,Email,11,1498.38,2570.0,,0.0,118.31315553098554,2025-20
2025-05-16,PPC,11,1018.44,,,217.24,0.0,2025-20
2025-05-16,Social Media,3,250.35,,14132.0,132.8,142.0,2025-20
2025-05-17,Email,11,1520.17,3134.0,,0.0,140.02931000310696,2025-20
2025-05-17,PPC,15,1916.0,,,309.18,0.0,2025-20
2025-05-17,Social Media,5,310.0,,12571.0,112.16,230.0,2025-20
2025-05-18,Email,12,1979.92,3030.0,,0.0,167.69790111049366,2025-20
2025-05-18,PPC,10,1161.63,,,237.81,0.0,2025-20
2025-05-18,Social Media,6,1040.79,,20914.0,181.68,257.0,2025-20
2025-05-19,Email,14,1816.23,2860.0,,0.0,154.3197572027828,2025-21
2025-05-19,PPC,18,1798.09,,,355.79,0.0,2025-21
2025-05-19,Social Media,4,394.94,,12700.0,112.15,169.0,2025-21
2025-05-20,Email,13,1839.95,3249.0,,0.0,148.89582344281007,2025-21
2025-05-20,PPC,15,1320.25,,,327.8,0.0,2025-21
2025-05-20,Social Media,5,425.19,,15637.0,178.05,220.0,2025-21
2025-05-21,Email,9,1136.82,2615.0,,0.0,124.42715944419504,2025-21
2025-05-21,PPC,14,1478.66,,,345.76,0.0,2025-21
2025-05-21,Social Media,8,579.8,,20691.0,176.26,382.0,2025-21
2025-05-22,Email,11,1358.24,2151.0,,0.0,137.91493662285868,2025-21
2025-05-22,PPC,15,1211.83,,,286.43,0.0,2025-21
2025-05-22,Social Media,6,451.08000000000004,,16673.0,145.0,301.0,2025-21
2025-05-23,Email,9,1092.8,2137.0,,0.0,129.3604352690939,2025-21
2025-05-23,PPC,13,1232.74,,,319.94,0.0,2025-21
2025-05-23,Social Media,7,549.53,,19143.0,185.86,332.0,2025-21
2025-05-24,Email,11,1106.0,2894.0,,0.0,122.76504134750633,2025-21
2025-05-24,PPC,8,719.93,,,211.36,0.0,2025-21
2025-05-24,Social Media,3,150.5,,9558.0,110.48,114.0,2025-21
2025-05-25,Email,12,1538.6,3086.0,,0.0,152.13024303282484,2025-21
2025-05-25,PPC,10,980.76,,,215.42,0.0,2025-21
2025-05-25,Social Media,5,518.86,,21996.0,183.63,259.0,2025-21
2025-05-26,Email,10,1260.63,1905.0,,0.0,123.45762699023952,2025-22
2025-05-26,PPC,9,905.95,,,256.27,0.0,2025-22
2025-05-26,Social Media,5,405.06,,13850.0,168.33,244.0,2025-22
2025-05-27,Email,10,1196.87,2527.0,,0.0,144.74887440956522,2025-22
2025-05-27,PPC,11,1422.55,,,208.47,0.0,2025-22
2025-05-27,Social Media,9,388.4,,15384.0,190.17,329.0,2025-22
2025-05-28,Email,11,1346.75,3312.0,,0.0,154.00575680314233,2025-22
2025-05-28,PPC,9,862.04,,,223.27,0.0,2025-22
2025-05-28,Social Media,2,162.58999999999997,,10948.0,131.09,127.0,2025-22
2025-05-29,Email,7,884.97,2151.0,,0.0,93.2301315779788,2025-22
2025-05-29,PPC,12,1174.7,,,248.07,0.0,2025-22
2025-05-29,Social Media,6,474.90999999999997,,14298.0,128.58,237.0,2025-22
2025-05-30,Email,8,1050.63,1912.0,,0.0,124.42393739319976,2025-22
2025-05-30,PPC,11,1210.1399999999999,,,285.0,0.0,2025-22
2025-05-30,Social Media,7,512.36,,15184.0,145.08,277.0,2025-22
2025-05-31,Email,10,1234.52,2197.0,,0.0,121.58918931440928,2025-22
2025-05-31,PPC,9,972.6700000000001,,,206.86,0.0,2025-22
2025-05-31,Social Media,3,509.86,,11460.0,128.42,162.0,2025-22
2025-06-01,Email,10,1306.54,1957.0,,0.0,126.727973777076,2025-22
2025-06-01,PPC,17,1739.08,,,314.3,0.0,2025-22
2025-06-01,Social Media,5,497.02,,13866.0,117.23,181.0,2025-22
2025-06-02,Email,9,1117.1599999999999,1820.0,,0.0,94.8424433715308,2025-23
2025-06-02,PPC,19,2255.93,,,289.43,0.0,2025-23
2025-06-02,Social Media,5,222.78,,16279.0,183.02,212.0,2025-23
2025-06-03,Email,8,1339.29,2294.0,,0.0,112.93481146261225,2025-23
2025-06-03,PPC,11,1320.8799999999999,,,208.85,0.0,2025-23
2025-06-03,Social Media,5,236.58999999999997,,10631.0,131.98,176.0,2025-23
2025-06-04,Email,7,881.75,2303.0,,0.0,114.00734665740713,2025-23
2025-06-04,PPC,17,1593.93,,,285.91,0.0,2025-23
2025-06-04,Social Media,4,319.33,,16925.0,155.91,192.0,2025-23
2025-06-05,Email,12,1732.88,2361.0,,0.0,130.06236713491404,2025-23
2025-06-05,PPC,13,1038.97,,,218.11,0.0,2025-23
2025-06-05,Social Media,2,278.72,,13317.0,134.85,123.0,2025-23
2025-06-06,Email,8,1009.9,2164.0,,0.0,126.10223485180347,2025-23
2025-06-06,PPC,12,1010.4100000000001,,,257.48,0.0,2025-23
2025-06-06,Social Media,3,140.78,,12533.0,126.68,167.0,2025-23
2025-06-07,Email,11,1452.1299999999999,2236.0,,0.0,126.12934963875593,2025-23
2025-06-07,PPC,11,1345.55,,,244.0,0.0,2025-23
2025-06-07,Social Media,6,378.23,,16703.0,193.11,224.0,2025-23
2025-06-08,Email,11,1612.59,2049.0,,0.0,127.1461432021352,2025-23
2025-06-08,PPC,7,664.0899999999999,,,225.27,0.0,2025-23
2025-06-08,Social Media,3,203.96,,12943.0,126.66,132.0,2025-23
2025-06-09,Email,11,1495.77,1875.0,,0.0,122.15507304598889,2025-24
2025-06-09,PPC,9,982.85,,,194.01,0.0,2025-24
2025-06-09,Social Media,3,386.52,,10197.0,119.39,170.0,2025-24
2025-06-10,Email,10,936.21,3319.0,,0.0,133.1586163295679,2025-24
2025-06-10,PPC,13,1665.57,,,308.37,0.0,2025-24
2025-06-10,Social Media,4,501.34,,18200.0,180.65,176.0,2025-24
2025-06-11,Email,10,1150.83,1948.0,,0.0,111.15926367571876,2025-24
2025-06-11,PPC,12,1180.39,,,275.35,0.0,2025-24
2025-06-11,Social Media,5,431.03,,12473.0,150.58,206.0,2025-24
2025-06-12,Email,8,1142.27,1851.0,,0.0,116.15951294562318,2025-24
2025-06-12,PPC,11,1025.1200000000001,,,195.44,0.0,2025-24
2025-06-12,Social Media,3,379.15000000000003,,15040.0,125.65,135.0,2025-24
2025-06-13,Email,10,1520.15,2361.0,,0.0,104.16186299544636,2025-24
2025-06-13,PPC,15,1593.95,,,293.27,0.0,2025-24
2025-06-13,Social Media,9,851.95,,20393.0,194.05,348.0,2025-24
2025-06-14,Email,7,647.73,1477.0,,0.0,92.16880743049772,2025-24
2025-06-14,PPC,9,977.19,,,217.63,0.0,2025-24
2025-06-14,Social Media,8,845.03,,20946.0,193.93,312.0,2025-24
2025-06-15,Email,6,680.4,1422.0,,0.0,79.18282837251621,2025-24
2025-06-15,PPC,19,1809.76,,,310.44,0.0,2025-24
2025-06-15,Social Media,3,316.28999999999996,,13482.0,148.64,165.0,2025-24
2025-06-16,Email,8,1315.89,2559.0,,0.0,121.20639025565887,2025-25
2025-06-16,PPC,12,1177.09,,,229.01,0.0,2025-25
2025-06-16,Social Media,4,268.19,,10716.0,123.08,156.0,2025-25
2025-06-17,Email,13,1612.0,2447.0,,0.0,142.24193366669869,2025-25
2025-06-17,PPC,17,2059.27,,,307.54,0.0,2025-25
2025-06-17,Social Media,8,837.41,,16260.0,178.84,369.0,2025-25
2025-06-18,Email,9,1278.1100000000001,1988.0,,0.0,98.29186924482876,2025-25
2025-06-18,PPC,15,1449.71,,,270.8,0.0,2025-25
2025-06-18,Social Media,4,240.49,,17580.0,158.53,196.0,2025-25
2025-06-19,Email,6,1013.9200000000001,2102.0,,0.0,87.35857165631981,2025-25
2025-06-19,PPC,10,943.99,,,288.87,0.0,2025-25
2025-06-19,Social Media,3,229.16,,15110.0,176.67,167.0,2025-25
2025-06-20,Email,8,906.0699999999999,2246.0,,0.0,91.44437365909118,2025-25
2025-06-20,PPC,13,1315.25,,,314.13,0.0,2025-25
2025-06-20,Social Media,11,872.61,,22200.0,188.91,439.0,2025-25
2025-06-21,Email,9,974.41,2332.0,,0.0,98.55156027203068,2025-25
2025-06-21,PPC,11,1034.26,,,257.84,0.0,2025-25
2025-06-21,Social Media,4,310.53000000000003,,20104.0,200.13,213.0,2025-25
2025-06-22,Email,6,674.09,1735.0,,0.0,76.68236306363781,2025-25
2025-06-22,PPC,10,1224.7,,,220.09,0.0,2025-25
2025-06-22,Social Media,9,606.77,,16773.0,161.38,368.0,2025-25
2025-06-23,Email,6,776.47,1917.0,,0.0,82.83895457426442,2025-26
2025-06-23,PPC,11,1134.52,,,186.75,0.0,2025-26
2025-06-23,Social Media,3,115.03,,14052.0,141.94,128.0,2025-26
2025-06-24,Email,6,693.51,1609.0,,0.0,80.02344288589526,2025-26
2025-06-24,PPC,8,754.94,,,211.81,0.0,2025-26
2025-06-24,Social Media,7,510.92,,20804.0,177.72,301.0,2025-26
2025-06-25,Email,6,843.06,1587.0,,0.0,75.23786635304106,2025-26
2025-06-25,PPC,14,1629.6499999999999,,,206.66,0.0,2025-26
2025-06-25,Social Media,8,463.81,,19808.0,203.86,282.0,2025-26
2025-06-26,Email,11,1580.5,2068.0,,0.0,135.48418850791347,2025-26
2025-06-26,PPC,10,1188.94,,,245.71,0.0,2025-26
2025-06-26,Social Media,4,213.76,,19506.0,178.01,212.0,2025-26
2025-06-27,Email,6,828.46,1509.0,,0.0,72.76429315261754,2025-26
2025-06-27,PPC,17,1990.15,,,273.18,0.0,2025-26
2025-06-27,Social Media,5,381.7,,16594.0,179.22,254.0,2025-26
2025-06-28,Email,10,1488.64,2568.0,,0.0,124.07997965062728,2025-26
2025-06-28,PPC,7,804.96,,,176.79,0.0,2025-26
2025-06-28,Social Media,9,833.31,,17139.0,197.32,329.0,2025-26
2025-06-29,Email,7,886.03,1828.0,,0.0,105.43295842931404,2025-26
2025-06-29,PPC,8,623.28,,,172.08,0.0,2025-26
2025-06-29,Social Media,7,619.75,,14864.0,152.11,331.0,2025-26
2025-06-30,Email,6,903.81,1240.0,,0.0,69.82484670476903,2025-27
2025-06-30,PPC,12,1197.27,,,234.72,0.0,2025-27
2025-06-30,Social Media,3,241.53,,12016.0,140.47,152.0,2025-27
2025-07-01,Email,5,748.58,1182.0,,0.0,70.25716443960506,2025-27
2025-07-01,PPC,14,1319.42,,,316.74,0.0,2025-27
2025-07-01,Social Media,5,443.36,,17018.0,164.63,205.0,2025-27
2025-07-02,Email,6,611.14,1183.0,,0.0,74.73133054384189,2025-27
2025-07-02,PPC,11,1014.59,,,235.55,0.0,2025-27
2025-07-02,Social Media,4,188.2,,17056.0,179.62,210.0,2025-27
2025-07-03,Email,9,1156.12,1811.0,,0.0,108.24865932836992,2025-27
2025-07-03,PPC,7,852.06,,,206.0,0.0,2025-27
2025-07-03,Social Media,5,392.24,,18828.0,176.18,242.0,2025-27
2025-07-04,Email,8,977.6800000000001,2133.0,,0.0,87.8103572198575,2025-27
2025-07-04,PPC,9,842.89,,,185.58,0.0,2025-27
2025-07-04,Social Media,3,208.51000000000002,,16089.0,145.78,143.0,2025-27
2025-07-05,Email,6,997.0799999999999,1719.0,,0.0,78.41751974531263,2025-27
2025-07-05,PPC,14,1330.35,,,288.28,0.0,2025-27
2025-07-05,Social Media,6,399.63,,14725.0,163.0,257.0,2025-27
2025-07-06,Email,8,1304.82,2676.0,,0.0,123.07112879383584,2025-27
2025-07-06,PPC,16,1379.18,,,311.16,0.0,2025-27
2025-07-06,Social Media,6,723.15,,13123.0,161.52,288.0,2025-27
2025-07-07,Email,5,565.73,1548.0,,0.0,67.77205016240886,2025-28
2025-07-07,PPC,10,939.02,,,251.65,0.0,2025-28
2025-07-07,Social Media,7,478.52,,18099.0,200.89,257.0,2025-28
2025-07-08,Email,10,1177.06,2609.0,,0.0,111.5210313918532,2025-28
2025-07-08,PPC,12,1115.87,,,299.29,0.0,2025-28
2025-07-08,Social Media,6,552.42,,21896.0,196.8,243.0,2025-28
2025-07-09,Email,9,1182.82,2486.0,,0.0,117.31869989836711,2025-28
2025-07-09,PPC,11,1138.09,,,180.68,0.0,2025-28
2025-07-09,Social Media,6,774.87,,18225.0,200.91,290.0,2025-28
2025-07-10,Email,4,539.45,993.0,,0.0,62.16556140531222,2025-28
2025-07-10,PPC,15,1391.66,,,293.72,0.0,2025-28
2025-07-10,Social Media,4,288.89,,17487.0,185.66,205.0,2025-28
2025-07-11,Email,10,1207.94,2301.0,,0.0,120.06199867916808,2025-28
2025-07-11,PPC,15,1185.79,,,241.31,0.0,2025-28
2025-07-11,Social Media,8,435.07,,18437.0,199.44,332.0,2025-28
2025-07-12,Email,6,727.1,1405.0,,0.0,82.00827057281566,2025-28
2025-07-12,PPC,9,1028.39,,,209.2,0.0,2025-28
2025-07-12,Social Media,8,728.7,,18983.0,192.55,303.0,2025-28
2025-07-13,Email,7,897.91,1616.0,,0.0,81.00451137853977,2025-28
2025-07-13,PPC,15,1462.04,,,310.84,0.0,2025-28
2025-07-13,Social Media,5,529.14,,20319.0,196.99,209.0,2025-28
2025-07-14,Email,7,1081.74,1977.0,,0.0,96.0507304923684,2025-29
2025-07-14,PPC,11,881.54,,,279.52,0.0,2025-29
2025-07-14,Social Media,7,348.59000000000003,,12729.0,146.35,297.0,2025-29
2025-07-15,Email,5,592.5699999999999,1318.0,,0.0,63.146812390587336,2025-29
2025-07-15,PPC,12,1340.02,,,205.85,0.0,2025-29
2025-07-15,Social Media,7,587.9,,22853.0,196.31,268.0,2025-29
2025-07-16,Email,10,1671.17,2038.0,,0.0,106.2925169184896,2025-29
2025-07-16,PPC,14,1237.56,,,278.36,0.0,2025-29
2025-07-16,Social Media,3,172.82,,13518.0,132.82,169.0,2025-29
2025-07-17,Email,11,1640.8799999999999,1964.0,,0.0,129.48747989063685,2025-29
2025-07-17,PPC,8,1053.64,,,231.04,0.0,2025-29
2025-07-17,Social Media,7,410.3,,16166.0,166.23,261.0,2025-29
2025-07-18,Email,8,1125.99,1715.0,,0.0,90.73121400113348,2025-29
2025-07-18,PPC,8,651.59,,,192.1,0.0,2025-29
2025-07-18,Social Media,7,462.08,,18801.0,175.53,285.0,2025-29
2025-07-19,Email,6,947.19,1878.0,,0.0,83.02311004163752,2025-29
2025-07-19,PPC,14,1088.97,,,264.43,0.0,2025-29
2025-07-19,Social Media,4,237.64,,15085.0,148.39,198.0,2025-29
2025-07-20,Email,11,1830.08,2342.0,,0.0,121.3624384240642,2025-29
2025-07-20,PPC,14,1657.6000000000001,,,262.98,0.0,2025-29
2025-07-20,Social Media,3,183.58,,17329.0,197.09,164.0,2025-29
2025-07-21,Email,11,1622.98,2089.0,,0.0,125.74835100417631,2025-30
2025-07-21,PPC,13,1467.45,,,247.52,0.0,2025-30
2025-07-21,Social Media,5,285.98,,12751.0,158.93,248.0,2025-30
2025-07-22,Email,7,904.83,1645.0,,0.0,104.17988320150292,2025-30
2025-07-22,PPC,12,1454.31,,,242.33,0.0,2025-30
2025-07-22,Social Media,5,514.55,,16466.0,162.35,228.0,2025-30
2025-07-23,Email,7,747.41,1494.0,,0.0,80.65595641028838,2025-30
2025-07-23,PPC,13,1266.28,,,277.98,0.0,2025-30
2025-07-23,Social Media,8,741.89,,19462.0,187.13,324.0,2025-30
2025-07-24,Email,6,619.53,1487.0,,0.0,66.1753806954448,2025-30
2025-07-24,PPC,12,1142.49,,,250.46,0.0,2025-30
2025-07-24,Social Media,5,434.36,,19519.0,194.85,275.0,2025-30
2025-07-25,Email,11,1371.74,2759.0,,0.0,127.73685776677024,2025-30
2025-07-25,PPC,16,1285.07,,,306.35,0.0,2025-30
2025-07-25,Social Media,4,432.65999999999997,,21531.0,205.26,211.0,2025-30
2025-07-26,Email,6,744.13,1244.0,,0.0,68.33898422399803,2025-30
2025-07-26,PPC,13,963.99,,,335.24,0.0,2025-30
2025-07-26,Social Media,7,319.03999999999996,,20006.0,195.75,344.0,2025-30
2025-07-27,Email,7,656.37,1689.0,,0.0,81.98025506456648,2025-30
2025-07-27,PPC,9,897.63,,,210.05,0.0,2025-30
2025-07-27,Social Media,4,294.55999999999995,,19153.0,170.2,182.0,2025-30
2025-07-28,Email,12,1320.92,2130.0,,0.0,125.65906744534156,2025-31
2025-07-28,PPC,13,1103.03,,,245.92,0.0,2025-31
2025-07-28,Social Media,7,535.03,,21718.0,183.74,332.0,2025-31
2025-07-29,Email,6,758.51,2126.0,,0.0,86.37372468889001,2025-31
2025-07-29,PPC,15,1656.08,,,327.01,0.0,2025-31
2025-07-29,Social Media,6,517.52,,14980.0,142.25,294.0,2025-31
2025-07-30,Email,7,1019.92,1775.0,,0.0,75.12244052428916,2025-31
2025-07-30,PPC,11,1054.71,,,241.69,0.0,2025-31
2025-07-30,Social Media,4,464.94,,15436.0,168.35,176.0,2025-31
2025-07-31,Email,7,1220.6499999999999,1628.0,,0.0,84.90334355187431,2025-31
2025-07-31,PPC,12,1048.35,,,260.76,0.0,2025-31
2025-07-31,Social Media,8,736.01,,15348.0,180.53,325.0,2025-31
